{
  "train_loss": [
    0.682714,
    0.651595,
    0.619487,
    0.599955,
    0.587616,
    0.579592,
    0.574143,
    0.570116,
    0.56709,
    0.564843,
    0.562644,
    0.560877,
    0.559462,
    0.557963,
    0.556612,
    0.555428,
    0.554332,
    0.553343
  ],
  "val_loss": [
    0.719556,
    0.737843,
    0.758462,
    0.73841,
    0.759662,
    0.756255,
    0.751191,
    0.749257,
    0.745595,
    0.743538,
    0.744107,
    0.745554,
    0.736641,
    0.725467,
    0.747626,
    0.750628,
    0.753119,
    0.736563
  ],
  "val_acc_1d": [
    52.35,
    54.0,
    56.09,
    55.61,
    54.96,
    54.21,
    54.34,
    53.91,
    54.12,
    53.27,
    53.43,
    53.44,
    53.06,
    52.8,
    52.59,
    52.86,
    52.25,
    52.54
  ],
  "learning_rate": [
    0.0001,
    0.0001,
    0.0001,
    0.0001,
    0.0001,
    0.0001,
    0.0001,
    0.0001,
    0.0001,
    0.0001,
    0.0001,
    0.0001,
    0.0001,
    0.0001,
    0.0001,
    0.0001,
    0.0001,
    0.0001
  ],
  "grad_norm": [
    0.1221,
    0.3023,
    0.4069,
    0.4242,
    0.4301,
    0.4342,
    0.4294,
    0.4265,
    0.4216,
    0.4292,
    0.4219,
    0.4252,
    0.4335,
    0.4275,
    0.4335,
    0.4382,
    0.4378,
    0.4445
  ],
  "epoch_time": [
    275.17,
    230.71,
    237.04,
    238.46,
    244.8,
    264.55,
    251.42,
    244.38,
    246.64,
    258.77,
    251.1,
    246.02,
    252.62,
    257.65,
    258.17,
    264.7,
    263.22,
    263.91
  ]
}