{
  "train_loss": [
    0.682758,
    0.653388,
    0.620799,
    0.601368,
    0.589073,
    0.580623,
    0.57514,
    0.571142,
    0.568025,
    0.565629,
    0.563445,
    0.56154,
    0.559903,
    0.558322,
    0.556997,
    0.555777,
    0.554576
  ],
  "val_loss": [
    0.695853,
    0.726927,
    0.728426,
    0.732923,
    0.730652,
    0.728886,
    0.729387,
    0.735335,
    0.751084,
    0.744958,
    0.73976,
    0.730365,
    0.731283,
    0.737868,
    0.72364,
    0.730802,
    0.723335
  ],
  "val_acc_1d": [
    54.22,
    55.08,
    54.84,
    54.67,
    53.24,
    53.02,
    51.98,
    51.91,
    52.11,
    51.67,
    51.0,
    51.68,
    51.65,
    51.77,
    51.97,
    52.69,
    52.08
  ],
  "learning_rate": [
    0.0001,
    0.0001,
    0.0001,
    0.0001,
    0.0001,
    0.0001,
    0.0001,
    0.0001,
    0.0001,
    0.0001,
    0.0001,
    0.0001,
    0.0001,
    0.0001,
    0.0001,
    0.0001,
    0.0001
  ],
  "grad_norm": [
    0.1276,
    0.295,
    0.394,
    0.422,
    0.4341,
    0.4413,
    0.4385,
    0.4387,
    0.438,
    0.4388,
    0.4413,
    0.4456,
    0.4497,
    0.4503,
    0.4535,
    0.4613,
    0.462
  ],
  "epoch_time": [
    199.97,
    154.74,
    157.9,
    172.96,
    174.31,
    175.71,
    169.56,
    179.94,
    176.81,
    166.38,
    169.32,
    178.39,
    182.56,
    178.94,
    179.42,
    182.23,
    175.05
  ]
}