{
  "train_loss": [
    0.119269,
    0.105577,
    0.101725,
    0.098958,
    0.097035,
    0.095716,
    0.094764,
    0.093944,
    0.093296,
    0.092674,
    0.092256
  ],
  "val_loss": [
    0.14354,
    0.152002,
    0.150227,
    0.161549,
    0.146149,
    0.147086,
    0.145451,
    0.154079,
    0.153879,
    0.164062,
    0.15298
  ],
  "val_acc_1d": [
    50.51,
    50.57,
    49.53,
    50.09,
    50.31,
    49.99,
    49.11,
    49.96,
    49.98,
    50.05,
    49.7
  ],
  "learning_rate": [
    0.0001,
    0.0002,
    0.0003,
    0.0003,
    0.00029267,
    0.00027138,
    0.00023823,
    0.00019646,
    0.00015015,
    0.00010384,
    6.207e-05
  ],
  "grad_norm": [
    0.0486,
    0.0848,
    0.0965,
    0.0993,
    0.0974,
    0.0973,
    0.0969,
    0.0985,
    0.1009,
    0.1024,
    0.1047
  ],
  "epoch_time": [
    127.95,
    93.13,
    96.73,
    96.43,
    94.58,
    103.55,
    92.77,
    93.31,
    94.77,
    96.28,
    94.13
  ]
}