{
  "train_loss": [
    0.683319,
    0.651459,
    0.619864,
    0.598673,
    0.586371,
    0.579053,
    0.573986,
    0.570187,
    0.56722,
    0.564978,
    0.562857,
    0.561034,
    0.559464,
    0.558074,
    0.556824,
    0.555668,
    0.554544,
    0.553647
  ],
  "val_loss": [
    0.695317,
    0.716354,
    0.729048,
    0.747051,
    0.737973,
    0.756894,
    0.736347,
    0.737291,
    0.746613,
    0.744287,
    0.759798,
    0.738024,
    0.747152,
    0.726718,
    0.747171,
    0.747209,
    0.74301,
    0.753381
  ],
  "val_acc_1d": [
    53.25,
    55.08,
    55.43,
    54.71,
    55.31,
    54.79,
    54.53,
    53.79,
    53.82,
    53.69,
    53.55,
    53.12,
    52.98,
    52.55,
    52.44,
    51.62,
    51.54,
    52.4
  ],
  "learning_rate": [
    0.0001,
    0.0001,
    0.0001,
    0.0001,
    0.0001,
    0.0001,
    0.0001,
    0.0001,
    0.0001,
    0.0001,
    0.0001,
    0.0001,
    0.0001,
    0.0001,
    0.0001,
    0.0001,
    0.0001,
    0.0001
  ],
  "grad_norm": [
    0.124,
    0.2962,
    0.3888,
    0.4113,
    0.4198,
    0.4192,
    0.4213,
    0.4235,
    0.423,
    0.4256,
    0.4229,
    0.4281,
    0.431,
    0.4351,
    0.4432,
    0.4386,
    0.4459,
    0.4459
  ],
  "epoch_time": [
    289.56,
    179.92,
    170.81,
    173.82,
    174.67,
    174.35,
    171.61,
    174.22,
    176.69,
    178.89,
    183.22,
    186.97,
    187.85,
    188.52,
    198.99,
    193.75,
    190.12,
    197.59
  ]
}