{
  "train_loss": [
    0.682875,
    0.65128,
    0.619968,
    0.598688,
    0.586197,
    0.578534,
    0.57327,
    0.569347,
    0.566559,
    0.564035,
    0.562162,
    0.560263,
    0.558888,
    0.557408,
    0.556318,
    0.554937,
    0.553831,
    0.552757,
    0.551817,
    0.550813,
    0.549983,
    0.549133,
    0.548539,
    0.547547,
    0.546921,
    0.546264,
    0.545632,
    0.545153,
    0.544462,
    0.543813,
    0.543304,
    0.542846
  ],
  "val_loss": [
    0.722758,
    0.739019,
    0.74745,
    0.749935,
    0.76578,
    0.750687,
    0.75829,
    0.757142,
    0.760137,
    0.749204,
    0.739437,
    0.737033,
    0.735465,
    0.74148,
    0.738413,
    0.727375,
    0.72813,
    0.751224,
    0.748727,
    0.742025,
    0.753364,
    0.757294,
    0.735637,
    0.749446,
    0.744568,
    0.737618,
    0.759365,
    0.744844,
    0.752953,
    0.737297,
    0.762705,
    0.765244
  ],
  "val_acc_1d": [
    52.02,
    52.78,
    53.29,
    53.1,
    52.14,
    52.47,
    52.26,
    52.16,
    52.08,
    52.39,
    53.56,
    53.65,
    53.26,
    53.53,
    53.77,
    53.62,
    53.85,
    53.7,
    53.81,
    53.48,
    53.28,
    52.97,
    53.25,
    53.32,
    53.07,
    53.65,
    52.98,
    52.21,
    52.32,
    52.14,
    51.59,
    51.66
  ],
  "learning_rate": [
    0.0001,
    0.0001,
    0.0001,
    0.0001,
    0.0001,
    0.0001,
    0.0001,
    0.0001,
    0.0001,
    0.0001,
    0.0001,
    0.0001,
    0.0001,
    0.0001,
    0.0001,
    0.0001,
    0.0001,
    0.0001,
    0.0001,
    0.0001,
    0.0001,
    0.0001,
    0.0001,
    0.0001,
    0.0001,
    0.0001,
    0.0001,
    0.0001,
    0.0001,
    0.0001,
    0.0001,
    0.0001
  ],
  "grad_norm": [
    0.1391,
    0.3213,
    0.4096,
    0.4363,
    0.4274,
    0.4271,
    0.4198,
    0.4205,
    0.4265,
    0.4191,
    0.4183,
    0.4223,
    0.4242,
    0.4255,
    0.4353,
    0.4292,
    0.433,
    0.4349,
    0.445,
    0.4411,
    0.4446,
    0.4552,
    0.4594,
    0.463,
    0.47,
    0.4707,
    0.479,
    0.4814,
    0.4852,
    0.4907,
    0.4981,
    0.4961
  ],
  "epoch_time": [
    215.38,
    178.23,
    179.22,
    183.81,
    185.57,
    200.38,
    192.41,
    178.21,
    186.09,
    188.03,
    184.7,
    184.41,
    176.45,
    180.48,
    180.95,
    190.99,
    183.21,
    191.15,
    188.52,
    194.39,
    198.82,
    187.51,
    189.19,
    187.39,
    198.02,
    207.27,
    189.95,
    189.23,
    208.39,
    192.66,
    189.07,
    193.48
  ]
}