{
  "train_loss": [
    0.120198,
    0.107815,
    0.103167,
    0.099599,
    0.097303,
    0.095864,
    0.09481,
    0.093947,
    0.093242,
    0.09263,
    0.092183
  ],
  "val_loss": [
    0.144838,
    0.165273,
    0.201236,
    0.163642,
    0.169324,
    0.155083,
    0.160004,
    0.177695,
    0.165261,
    0.159305,
    0.155971
  ],
  "val_acc_1d": [
    53.43,
    52.56,
    51.78,
    50.76,
    49.89,
    50.42,
    49.71,
    49.55,
    49.38,
    49.13,
    49.33
  ],
  "learning_rate": [
    0.0001,
    0.0002,
    0.0003,
    0.0003,
    0.00029267,
    0.00027138,
    0.00023823,
    0.00019646,
    0.00015015,
    0.00010384,
    6.207e-05
  ],
  "grad_norm": [
    0.0423,
    0.077,
    0.0927,
    0.0964,
    0.0953,
    0.0951,
    0.096,
    0.0974,
    0.0984,
    0.1016,
    0.1035
  ],
  "epoch_time": [
    100.64,
    93.4,
    96.15,
    92.21,
    92.89,
    96.21,
    108.81,
    96.74,
    95.3,
    96.26,
    96.07
  ]
}