{
  "train_loss": [
    0.119296,
    0.105493,
    0.101804,
    0.099039,
    0.097025,
    0.095706,
    0.094619,
    0.09379,
    0.093134,
    0.092552,
    0.09209,
    0.091702,
    0.091407,
    0.091332,
    0.092382,
    0.091926
  ],
  "val_loss": [
    0.17562,
    0.172532,
    0.18512,
    0.164155,
    0.144243,
    0.142724,
    0.150208,
    0.144106,
    0.158908,
    0.143561,
    0.161045,
    0.159769,
    0.154321,
    0.150408,
    0.156399,
    0.15157
  ],
  "val_acc_1d": [
    53.33,
    53.42,
    52.48,
    52.82,
    54.46,
    54.34,
    54.72,
    54.91,
    54.99,
    54.88,
    55.23,
    55.31,
    55.62,
    55.65,
    55.33,
    55.48
  ],
  "learning_rate": [
    0.0001,
    0.0002,
    0.0003,
    0.0003,
    0.00029267,
    0.00027138,
    0.00023823,
    0.00019646,
    0.00015015,
    0.00010384,
    6.207e-05,
    2.892e-05,
    7.63e-06,
    0.0003,
    0.00029816,
    0.00029267
  ],
  "grad_norm": [
    0.0526,
    0.0844,
    0.0969,
    0.0997,
    0.0958,
    0.0961,
    0.0954,
    0.0971,
    0.0987,
    0.1021,
    0.1024,
    0.1043,
    0.1049,
    0.1039,
    0.1109,
    0.1075
  ],
  "epoch_time": [
    101.32,
    93.96,
    93.81,
    92.84,
    92.35,
    92.51,
    92.49,
    92.0,
    92.62,
    92.37,
    91.99,
    91.44,
    93.18,
    94.21,
    96.43,
    119.25
  ]
}