{
  "train_loss": [
    0.683408,
    0.653746,
    0.623234,
    0.601174,
    0.587981,
    0.580018,
    0.574574,
    0.570711,
    0.567677,
    0.565332,
    0.563107,
    0.561344,
    0.559706,
    0.558291,
    0.556845,
    0.555717,
    0.554488
  ],
  "val_loss": [
    0.70509,
    0.761112,
    0.796072,
    0.826897,
    0.784864,
    0.792789,
    0.793738,
    0.783219,
    0.774383,
    0.758965,
    0.755235,
    0.780282,
    0.769368,
    0.761425,
    0.774703,
    0.767006,
    0.761125
  ],
  "val_acc_1d": [
    53.35,
    53.52,
    53.27,
    53.01,
    52.84,
    52.85,
    52.09,
    52.26,
    52.4,
    52.09,
    52.41,
    52.37,
    52.34,
    52.37,
    52.16,
    52.34,
    51.97
  ],
  "learning_rate": [
    0.0001,
    0.0001,
    0.0001,
    0.0001,
    0.0001,
    0.0001,
    0.0001,
    0.0001,
    0.0001,
    0.0001,
    0.0001,
    0.0001,
    0.0001,
    0.0001,
    0.0001,
    0.0001,
    0.0001
  ],
  "grad_norm": [
    0.129,
    0.2977,
    0.3767,
    0.4136,
    0.4275,
    0.4286,
    0.4213,
    0.4156,
    0.4185,
    0.4202,
    0.4171,
    0.4165,
    0.4225,
    0.4231,
    0.4253,
    0.4298,
    0.4321
  ],
  "epoch_time": [
    228.38,
    198.61,
    197.45,
    201.26,
    204.31,
    197.74,
    202.96,
    205.04,
    203.37,
    205.38,
    209.26,
    183.65,
    200.07,
    210.2,
    210.99,
    208.4,
    204.81
  ]
}