{
  "train_loss": [
    0.681364,
    0.647578,
    0.616946,
    0.598782,
    0.587783,
    0.580593,
    0.575633,
    0.571759,
    0.568805,
    0.566399,
    0.564167,
    0.56244,
    0.560794,
    0.559402,
    0.558097,
    0.556912,
    0.555635
  ],
  "val_loss": [
    0.705686,
    0.750148,
    0.789263,
    0.813507,
    0.796243,
    0.821821,
    0.82353,
    0.812435,
    0.805956,
    0.791994,
    0.801004,
    0.779183,
    0.773737,
    0.7932,
    0.778074,
    0.772482,
    0.758985
  ],
  "val_acc_1d": [
    52.92,
    53.48,
    53.09,
    52.56,
    52.06,
    51.87,
    51.69,
    51.84,
    50.95,
    51.47,
    51.67,
    50.88,
    51.7,
    51.09,
    51.05,
    51.28,
    50.77
  ],
  "learning_rate": [
    0.0001,
    0.0001,
    0.0001,
    0.0001,
    0.0001,
    0.0001,
    0.0001,
    0.0001,
    0.0001,
    0.0001,
    0.0001,
    0.0001,
    0.0001,
    0.0001,
    0.0001,
    0.0001,
    0.0001
  ],
  "grad_norm": [
    0.1338,
    0.3155,
    0.4172,
    0.4369,
    0.4462,
    0.4433,
    0.445,
    0.4422,
    0.4393,
    0.4386,
    0.4399,
    0.4414,
    0.4379,
    0.4394,
    0.4417,
    0.4447,
    0.4476
  ],
  "epoch_time": [
    260.42,
    224.61,
    226.64,
    229.67,
    224.37,
    229.68,
    259.43,
    223.89,
    230.89,
    259.66,
    241.94,
    237.48,
    237.88,
    235.9,
    240.95,
    240.14,
    238.62
  ]
}