{
  "train_loss": [
    0.682162,
    0.64731,
    0.617235,
    0.598656,
    0.587479,
    0.580067,
    0.574934,
    0.571063,
    0.568263,
    0.565786,
    0.563616,
    0.561972,
    0.560497,
    0.558927
  ],
  "val_loss": [
    0.725865,
    0.773807,
    0.808511,
    0.773968,
    0.781479,
    0.798288,
    0.791171,
    0.784959,
    0.779592,
    0.805486,
    0.769854,
    0.779481,
    0.809619,
    0.785829
  ],
  "val_acc_1d": [
    52.6,
    53.13,
    53.2,
    53.75,
    53.41,
    53.16,
    53.66,
    53.14,
    52.89,
    52.12,
    52.19,
    51.9,
    51.98,
    51.94
  ],
  "learning_rate": [
    0.0001,
    0.0001,
    0.0001,
    0.0001,
    0.0001,
    0.0001,
    0.0001,
    0.0001,
    0.0001,
    0.0001,
    0.0001,
    0.0001,
    0.0001,
    0.0001
  ],
  "grad_norm": [
    0.1265,
    0.3056,
    0.3733,
    0.3972,
    0.4041,
    0.4087,
    0.4061,
    0.4135,
    0.4142,
    0.4134,
    0.4176,
    0.4224,
    0.4216,
    0.4289
  ],
  "epoch_time": [
    289.74,
    265.39,
    267.91,
    259.94,
    280.69,
    277.49,
    271.36,
    270.86,
    270.22,
    271.65,
    279.46,
    274.87,
    279.55,
    284.66
  ]
}