{
  "train_loss": [
    0.682427,
    0.649112,
    0.617863,
    0.598925,
    0.586719,
    0.579268,
    0.574247,
    0.57038,
    0.567398,
    0.565109,
    0.563152,
    0.561384,
    0.559844,
    0.558454,
    0.557181,
    0.556047,
    0.554885,
    0.554015,
    0.552982,
    0.55203,
    0.551169
  ],
  "val_loss": [
    0.706711,
    0.749093,
    0.716431,
    0.698095,
    0.684424,
    0.699296,
    0.702445,
    0.690289,
    0.687947,
    0.687715,
    0.709188,
    0.699485,
    0.695629,
    0.702446,
    0.700845,
    0.70395,
    0.700126,
    0.702763,
    0.701123,
    0.699879,
    0.70307
  ],
  "val_acc_1d": [
    53.22,
    54.43,
    55.48,
    56.27,
    56.43,
    56.56,
    56.18,
    56.48,
    56.32,
    56.54,
    55.48,
    55.27,
    55.45,
    55.76,
    55.46,
    55.38,
    55.48,
    55.26,
    55.09,
    55.03,
    55.17
  ],
  "learning_rate": [
    0.0001,
    0.0001,
    0.0001,
    0.0001,
    0.0001,
    0.0001,
    0.0001,
    0.0001,
    0.0001,
    0.0001,
    0.0001,
    0.0001,
    0.0001,
    0.0001,
    0.0001,
    0.0001,
    0.0001,
    0.0001,
    0.0001,
    0.0001,
    0.0001
  ],
  "grad_norm": [
    0.1247,
    0.3098,
    0.3881,
    0.4209,
    0.4292,
    0.4296,
    0.4285,
    0.423,
    0.4274,
    0.43,
    0.4338,
    0.4337,
    0.4376,
    0.4351,
    0.4434,
    0.4455,
    0.4556,
    0.459,
    0.4591,
    0.4659,
    0.4686
  ],
  "epoch_time": [
    202.11,
    149.97,
    145.52,
    142.22,
    145.4,
    145.86,
    139.25,
    145.8,
    139.61,
    142.31,
    156.16,
    142.12,
    156.18,
    142.93,
    167.43,
    143.33,
    162.06,
    144.67,
    155.24,
    145.73,
    157.81
  ]
}