{
  "train_loss": [
    0.681272,
    0.649724,
    0.62075,
    0.602305,
    0.590321,
    0.582341,
    0.576628,
    0.572506,
    0.569122,
    0.56648,
    0.564176,
    0.562399,
    0.56073,
    0.559298,
    0.558033,
    0.556674,
    0.5555,
    0.554352
  ],
  "val_loss": [
    0.711336,
    0.724252,
    0.738969,
    0.750114,
    0.789152,
    0.776178,
    0.756689,
    0.776548,
    0.79217,
    0.779946,
    0.761602,
    0.77618,
    0.763352,
    0.775278,
    0.813606,
    0.784102,
    0.763101,
    0.767925
  ],
  "val_acc_1d": [
    53.3,
    54.45,
    54.74,
    54.29,
    53.78,
    53.56,
    53.25,
    52.71,
    51.95,
    52.29,
    51.61,
    51.99,
    51.4,
    51.67,
    51.15,
    51.57,
    51.33,
    51.27
  ],
  "learning_rate": [
    0.0001,
    0.0001,
    0.0001,
    0.0001,
    0.0001,
    0.0001,
    0.0001,
    0.0001,
    0.0001,
    0.0001,
    0.0001,
    0.0001,
    0.0001,
    0.0001,
    0.0001,
    0.0001,
    0.0001,
    0.0001
  ],
  "grad_norm": [
    0.1291,
    0.321,
    0.4215,
    0.435,
    0.4301,
    0.4235,
    0.4176,
    0.4171,
    0.4056,
    0.4153,
    0.4136,
    0.4131,
    0.418,
    0.4232,
    0.4204,
    0.4258,
    0.4326,
    0.4341
  ],
  "epoch_time": [
    290.47,
    198.31,
    201.31,
    203.01,
    205.02,
    205.66,
    208.53,
    211.17,
    214.6,
    214.72,
    211.4,
    217.33,
    218.47,
    228.01,
    214.32,
    214.84,
    219.93,
    221.94
  ]
}