{
  "train_loss": [
    0.684097,
    0.656628
  ],
  "val_loss": [
    0.699863,
    0.742379
  ],
  "val_acc_1d": [
    52.55,
    52.86
  ],
  "learning_rate": [
    0.0001,
    0.0001
  ],
  "grad_norm": [
    0.1145,
    0.2747
  ],
  "epoch_time": [
    242.86,
    191.86
  ]
}